Seq_ID,Original_ID,Individual,Status,Sample_Sex,SDR_Coverage,SDR_Depth,Genetic_Sex
18032FL-129-03-26,1,BB_AK_13A_1,This Study,Male,83.52,3.15809,Male
22116FL-09Q2-02-06,1,BB_AK_13A_1,This Study,Male,45.33,0.876914,Male
18032FL-158-01-27,2,BB_AK_13A_2,This Study,Male,35.16,0.708392,Male
22116FL-04-01-30,2,BB_AK_13A_2,This Study,Male,85.15,4.93151,Male
22116FL-09-01-27,2,BB_AK_13A_2,This Study,Male,34.09,0.690503,Male
18032FL-158-01-34,3,BB_AK_13A_3,This Study,Female,0.01,0.000122175,Female
22116FL-04-01-13,3,BB_AK_13A_3,This Study,Female,0.21,0.00495262,Female
22116FL-09-01-34,3,BB_AK_13A_3,This Study,Female,0.01,0.000105376,Female
18032FL-129-02-01,4,BB_AK_13A_4,This Study,Male,95.01,7.28309,Male
18032FL-158-01-30,5,BB_AK_13A_5,This Study,Female,0.05,0.00067097,Female
22116FL-04-01-35,5,BB_AK_13A_5,This Study,Female,0.22,0.00569829,Female
22116FL-09-01-30,5,BB_AK_13A_5,This Study,Female,0.04,0.000539591,Female
18032FL-158-01-38,6,BB_AK_13A_6,This Study,Female,0.03,0.000380434,Female
22116FL-04-01-22,6,BB_AK_13A_6,This Study,Female,0.26,0.00660375,Female
22116FL-09-01-38,6,BB_AK_13A_6,This Study,Female,0.03,0.000388235,Female
18032FL-158-01-33,7,BB_AK_13A_7,This Study,Female,0.01,0.000201341,Female
22116FL-04-01-08,7,BB_AK_13A_7,This Study,Female,0.2,0.0049326,Female
22116FL-09-01-33,7,BB_AK_13A_7,This Study,Female,0.02,0.000243689,Female
18032FL-158-01-35,8,BB_AK_13_1,This Study,Female,0.02,0.00020617,Female
22116FL-04-01-16,8,BB_AK_13_1,This Study,Female,0.2,0.00503038,Female
22116FL-09-01-35,8,BB_AK_13_1,This Study,Female,0.02,0.000202579,Female
18032FL-158-01-37,9,BB_AK_13_2,This Study,Female,0.03,0.000383695,Female
22116FL-04-01-20,9,BB_AK_13_2,This Study,Female,0.28,0.00782913,Female
22116FL-09-01-37,9,BB_AK_13_2,This Study,Female,0.03,0.000398966,Female
18032FL-158-01-42,10,BB_AK_13_3,This Study,Male,15.35,0.214177,Male
22116FL-04-01-26,10,BB_AK_13_3,This Study,Male,88.66,4.78834,Male
22116FL-09-01-42,10,BB_AK_13_3,This Study,Male,14.45,0.202665,Male
18032FL-158-01-28,11,BB_AK_13_4,This Study,Male,39.13,0.760598,Male
22116FL-04-01-32,11,BB_AK_13_4,This Study,Male,86.79,4.93646,Male
22116FL-09-01-28,11,BB_AK_13_4,This Study,Male,37.94,0.734905,Male
SRR17940138_Shotgun_sequencing_of_Ursus_arctos,16,B_AK_9_pub,Public,Male,83.17,3.7231,Male
22116FL-05-01-01,110,BB_AK_26B_1,This Study,Female,0.3,0.007197,Female
18032FL-158-01-24,115,BB_AK_26B_2,This Study,Female,0.03,0.000360869,Female
22116FL-04-01-12,115,BB_AK_26B_2,This Study,Female,0.22,0.00487287,Female
22116FL-09-01-24,115,BB_AK_26B_2,This Study,Female,0,0,Female
22116FL-05-01-02,117,BB_AK_26B_3,This Study,Female,0.25,0.00685528,Female
22116FL-05-01-03,153,BB_AK_26B_4,This Study,Female,0.23,0.00494762,Female
154_S28,154,BB_AK_26B_5,This Study,Female,0.55,0.0102808,Female
22116FL-05-01-05,163,BB_AK_26B_6,This Study,Female,0.28,0.00715506,Female
22116FL-05-01-06,164,BB_AK_26B_7,This Study,Male,97.74,8.63283,Male
22116FL-05-01-07,167,BB_AK_26B_8,This Study,Female,0.26,0.005475,Female
22116FL-05-01-32,167,BB_AK_26B_8,This Study,Female,0.16,0.00286652,Female
18032FL-129-02-04,176,BB_AK_26B_9,This Study,Female,0.94,0.0153124,Female
22116FL-05-01-08,178,BB_AK_26B_10,This Study,Female,0.25,0.00674611,Female
18032FL-129-03-20,179,BB_AK_26B_11,This Study,Male,84.23,4.97851,Male
182_S29,182,BB_AK_26B_12,This Study,Male,81.29,4.65462,Male
22116FL-05-01-09,182,BB_AK_26B_12,This Study,Male,NA,NA,Male
18032FL-158-01-25,183,BB_AK_26B_13,This Study,Female,0.03,0.000475821,Female
22116FL-04-01-25,183,BB_AK_26B_13,This Study,Female,0.17,0.00329971,Female
22116FL-09-01-25,183,BB_AK_26B_13,This Study,Female,0.04,0.000494312,Female
22116FL-05-01-10,201,BB_AK_20D_1,This Study,Female,0.22,0.00558772,Female
202_S30,202,BB_AK_20D_2,This Study,Male,87.76,4.85897,Male
22116FL-05-01-11,202,NA,This Study,Male,NA,NA,Male
203_S31,203,BB_AK_20D_3,This Study,Female,0.3,0.00493243,Female
22116FL-05-01-12,203,NA,This Study,Female,NA,NA,Male
204_S32,204,BB_AK_20D_4,This Study,Female,0.86,0.0144064,Female
22116FL-05-01-13,204,NA,This Study,Female,NA,NA,Male
207_S33,207,BB_AK_20D_5,This Study,Male,90.64,8.09253,Male
22116FL-05-01-14,207,NA,This Study,Male,NA,NA,Male
208_S34,208,BB_AK_20D_6,This Study,Female,0.32,0.00597645,Female
22116FL-05-01-15,208,NA,This Study,Female,NA,NA,Male
18032FL-129-03-21,212,BB_AK_20D_7,This Study,Female,0.19,0.00428755,Female
18032FL-129-02-05,213,BB_AK_20D_8,This Study,Female,0.82,0.0133584,Female
22116FL-05-01-16,214,NA,This Study,Male,NA,NA,Male
215_S35,215,BB_AK_20D_9,This Study,Female,0.68,0.0131734,Female
22116FL-05-01-17,217,NA,This Study,Female,NA,NA,Male
18032FL-158-01-31,393,BB_AK_15_1,This Study,Female,0.03,0.000449611,Female
22116FL-04-01-29,393,BB_AK_15_1,This Study,Female,0.17,0.00418671,Female
22116FL-09-01-31,393,BB_AK_15_1,This Study,Female,0.04,0.000618097,Female
18032FL-129-03-22,397,BB_AK_15_2,This Study,Female,0.32,0.00657428,Female
18032FL-152-02-28,398,BB_AK_15_3,This Study,Female,0.1,0.0014079,Female
22116FL-03-01-34,398,BB_AK_15_3,This Study,Female,0.09,0.00163045,Female
22116FL-09Q2-01-16,398,BB_AK_15_3,This Study,Female,0.55,0.00765263,Female
18032FL-152-02-29,399,BB_AK_15_4,This Study,Female,0.07,0.00100014,Female
22116FL-03-01-38,399,BB_AK_15_4,This Study,Female,0.1,0.00160111,Female
22116FL-09Q2-01-17,399,BB_AK_15_4,This Study,Female,0.49,0.00663532,Female
18032FL-129-03-23,400,BB_AK_15_5,This Study,Female,0.34,0.00649631,Female
22116FL-04-01-34,425,BB_AK_9_11,This Study,Unknown,93.52,7.58176,Male
22116FL-09Q2-02-07,425,BB_AK_9_11,This Study,Male,87.03,9.52841,Male
18032FL-158-01-23,502,BB_AK_9_13,This Study,Female,0.08,0.00110708,Female
22116FL-04-01-33,502,BB_AK_9_13,This Study,Female,0.31,0.00855305,Female
22116FL-09-01-23,502,BB_AK_9_13,This Study,Female,0,0,Female
973,973,BB_WSU_973,This Study,Female,0.45844,0.0169435,Male
974,974,BB_WSU_974,This Study,Female,0.495402,0.0171644,Male
975,975,BB_WSU_975,This Study,Female,0.60997,0.025228,Male
14020_GAAR_S47,14020,BB_AK_24_1,This Study,Female,0.14,0.00255667,Female
14024_GAAR_S43,14024,BB_AK_24_2,This Study,Female,0.36,0.00725858,Female
22116FL-05-01-28,14030,BB_AK_24_3,This Study,Female,0.16,0.00255906,Female
22116FL-09Q2-03-13,14030,BB_AK_24_3,This Study,Female,0.05,0.000933687,Female
15009_GAAR_S48,15009,BB_AK_24_5,This Study,Female,0.15,0.00298205,Female
18032FL-129-03-13,15516,BB_AK_5A_1,This Study,Female,0.25,0.00470505,Female
18032FL-129-03-14,15580,BB_AK_5A_2,This Study,Female,0.41,0.00647311,Female
18032FL-158-01-49,16558,BB_AK_5A_3,This Study,Female,0.03,0.000411143,Female
22116FL-04-01-09,16558,BB_AK_5A_3,This Study,Female,0.21,0.0049929,Female
22116FL-09-01-49,16558,BB_AK_5A_3,This Study,Female,0.03,0.000492001,Female
18032FL-158-01-43,16559,BB_AK_5A_4,This Study,Female,0.03,0.000396325,Female
22116FL-04-01-01,16559,BB_AK_5A_4,This Study,Female,0.22,0.00543219,Female
22116FL-09-01-43,16559,BB_AK_5A_4,This Study,Female,0.03,0.000394096,Female
18032FL-158-01-29,16560,BB_AK_5A_5,This Study,Female,0.14,0.00256724,Female
22116FL-04-01-28,16560,BB_AK_5A_5,This Study,Female,0.65,0.0233593,Female
22116FL-09-01-29,16560,BB_AK_5A_5,This Study,Female,0.16,0.00310505,Female
18032FL-152-02-07,16561,BB_AK_5A_6,This Study,Male,45.27,0.943803,Male
22116FL-03-01-45,16561,BB_AK_5A_6,This Study,Male,69.4,2.16789,Male
22116FL-09Q2-01-30,16561,BB_AK_5A_6,This Study,Male,69.44,2.07955,Male
18032FL-158-01-44,17591,BB_AK_1D_1,This Study,Male,20.37,0.309562,Male
22116FL-04-01-02,17591,BB_AK_1D_1,This Study,Male,84.22,4.10687,Male
22116FL-09-01-44,17591,BB_AK_1D_1,This Study,Male,18.93,0.289158,Male
18032FL-152-02-08,17595,BB_AK_1D_2,This Study,Female,0.05,0.000778575,Female
22116FL-03-01-37,17595,BB_AK_1D_2,This Study,Female,0.1,0.00163215,Female
22116FL-09Q2-01-31,17595,BB_AK_1D_2,This Study,Female,0.35,0.00504491,Female
18032FL-158-01-51,17596,BB_AK_1D_3,This Study,Male,32.89,0.541799,Male
22116FL-04-01-14,17596,BB_AK_1D_3,This Study,Male,76.63,3.52424,Male
22116FL-09-01-51,17596,BB_AK_1D_3,This Study,Male,31.4,0.511723,Male
18032FL-158-01-26,17600,BB_AK_5A_7,This Study,Male,64.41,2.64562,Male
22116FL-09-01-26,17600,BB_AK_5A_7,This Study,Male,63.92,2.61554,Male
22116FL-09Q2-02-08,17600,BB_AK_5A_7,This Study,Male,86.53,25.9186,Male
18032FL-152-02-09,17601,BB_AK_5A_8,This Study,Male,12.49,0.179359,Male
22116FL-03-01-42,17601,BB_AK_5A_8,This Study,Male,57.67,2.18537,Male
22116FL-09Q2-01-32,17601,BB_AK_5A_8,This Study,Male,24.56,0.413205,Male
18032FL-158-01-32,17602,BB_AK_5A_9,This Study,Male,19.21,0.328324,Male
22116FL-04-01-27,17602,BB_AK_5A_9,This Study,Male,72.58,3.24111,Male
22116FL-09-01-32,17602,BB_AK_5A_9,This Study,Male,18.57,0.316638,Male
18032FL-152-02-10,17605,BB_AK_5A_10,This Study,Male,26.81,0.44722,Male
22116FL-03-01-30,17605,BB_AK_5A_10,This Study,Male,64.34,1.96245,Male
22116FL-09Q2-01-33,17605,BB_AK_5A_10,This Study,Male,47.13,0.989705,Male
18032FL-152-02-11,17609,BB_AK_1C_1,This Study,Male,20.6,0.352461,Male
22116FL-03-01-48,17609,BB_AK_1C_1,This Study,Male,68.05,1.99405,Male
22116FL-09Q2-01-24,17609,BB_AK_1C_1,This Study,Male,36.5,0.74757,Male
18032FL-158-01-54,17611,BB_AK_4Z_1,This Study,Female,0.03,0.000524815,Female
22116FL-04-01-21,17611,BB_AK_4Z_1,This Study,Female,0.26,0.00701984,Female
22116FL-09-01-54,17611,BB_AK_4Z_1,This Study,Female,0.02,0.000349684,Female
18032FL-158-01-45,17612,BB_AK_4Z_2,This Study,Female,0.02,0.000285955,Female
22116FL-04-01-03,17612,BB_AK_4Z_2,This Study,Female,0.25,0.00649978,Female
22116FL-09-01-45,17612,BB_AK_4Z_2,This Study,Female,0.02,0.00029648,Female
18032FL-129-03-15,18510,BB_AK_4Z_3,This Study,Male,83.37,3.82667,Male
18032FL-152-02-12,18516,BB_AK_4Z_4,This Study,Male,48.99,1.19624,Male
22116FL-03-01-46,18516,BB_AK_4Z_4,This Study,Male,62.25,1.84624,Male
22116FL-09Q2-01-25,18516,BB_AK_4Z_4,This Study,Male,69.96,2.50872,Male
18032FL-152-02-13,18520,BB_AK_1C_2,This Study,Female,0.22,0.00323235,Female
22116FL-03-01-41,18520,BB_AK_1C_2,This Study,Female,0.09,0.00156119,Female
22116FL-09Q2-01-26,18520,BB_AK_1C_2,This Study,Female,1.48,0.0209674,Female
18032FL-152-02-14,18524,BB_AK_1C_3,This Study,Male,54.32,1.34951,Male
22116FL-03-01-39,18524,BB_AK_1C_3,This Study,Male,66.19,1.9084,Male
22116FL-09Q2-01-27,18524,BB_AK_1C_3,This Study,Male,75.76,2.80307,Male
18032FL-152-02-15,18525,BB_AK_4Z_5,This Study,Male,50.02,1.1752,Male
22116FL-03-01-22,18525,BB_AK_4Z_5,This Study,Male,58.82,1.57176,Male
22116FL-09Q2-01-28,18525,BB_AK_4Z_5,This Study,Male,72.43,2.50022,Male
18032FL-152-02-16,18528,BB_AK_4Z_6,This Study,Female,0.06,0.000900791,Female
22116FL-03-01-27,18528,BB_AK_4Z_6,This Study,Female,0.06,0.0010895,Female
22116FL-09Q2-01-34,18528,BB_AK_4Z_6,This Study,Female,0.44,0.00656251,Female
18032FL-158-01-53,18536,BB_AK_4Z_7,This Study,Female,0.02,0.00021426,Female
22116FL-04-01-19,18536,BB_AK_4Z_7,This Study,Female,0.25,0.0065602,Female
22116FL-09-01-53,18536,BB_AK_4Z_7,This Study,Female,0.01,0.000178557,Female
18032FL-158-01-47,18538,BB_AK_4Z_8,This Study,Female,0.03,0.000312247,Female
22116FL-04-01-06,18538,BB_AK_4Z_8,This Study,Female,0.21,0.00434715,Female
22116FL-09-01-47,18538,BB_AK_4Z_8,This Study,Female,0.02,0.000323969,Female
18032FL-129-03-01,18605,BB_AK_1C_4,This Study,Male,1.22,0.0169993,Female
18032FL-152-02-17,18609,BB_AK_1C_5,This Study,Female,0.09,0.00125188,Female
22116FL-03-01-20,18609,BB_AK_1C_5,This Study,Female,0.12,0.00193502,Female
22116FL-09Q2-01-35,18609,BB_AK_1C_5,This Study,Female,1.52,0.0205626,Female
18032FL-129-03-16,18617,BB_AK_1D_4,This Study,Male,86.48,4.83707,Male
18032FL-152-02-19,18624,BB_AK_5A_11,This Study,Male,33.88,0.595683,Male
22116FL-03-01-13,18624,BB_AK_5A_11,This Study,Male,87.99,4.90763,Male
22116FL-09Q2-01-37,18624,BB_AK_5A_11,This Study,Male,56.55,1.29555,Male
18032FL-152-02-20,18648,BB_AK_5A_12,This Study,Male,35.08,0.617756,Male
22116FL-03-01-08,18648,BB_AK_5A_12,This Study,Male,71.89,2.54843,Male
22116FL-09Q2-01-38,18648,BB_AK_5A_12,This Study,Male,58.39,1.3741,Male
18032FL-152-02-21,18650,BB_AK_5A_13,This Study,Male,30.91,0.553609,Male
22116FL-03-01-17,18650,BB_AK_5A_13,This Study,Male,68.83,2.28988,Male
22116FL-09Q2-01-19,18650,BB_AK_5A_13,This Study,Male,42.59,0.863537,Male
18032FL-158-01-46,18671,BB_AK_4Z_9,This Study,Female,0.01,0.000163367,Female
22116FL-04-01-04,18671,BB_AK_4Z_9,This Study,Female,0.25,0.00621333,Female
22116FL-09-01-46,18671,BB_AK_4Z_9,This Study,Female,0.01,0.000224537,Female
18032FL-152-02-22,18683,BB_AK_4Z_10,This Study,Male,35.18,0.675585,Male
22116FL-03-01-44,18683,BB_AK_4Z_10,This Study,Male,65.93,2.12455,Male
22116FL-09Q2-01-20,18683,BB_AK_4Z_10,This Study,Male,47.07,1.02672,Male
18032FL-152-02-23,19648,BB_AK_1A_1,This Study,Male,37.02,0.655468,Male
22116FL-03-01-36,19648,BB_AK_1A_1,This Study,Male,77.94,2.9012,Male
22116FL-09Q2-01-21,19648,BB_AK_1A_1,This Study,Male,50.85,1.05337,Male
18032FL-129-03-17,20631,BB_AK_1D_5,This Study,Male,90.08,7.47796,Male
18032FL-152-02-25,20680,BB_AK_1D_6,This Study,Female,0.1,0.00149193,Female
22116FL-03-01-33,20680,BB_AK_1D_6,This Study,Female,0.09,0.0015924,Female
22116FL-09Q2-01-23,20680,BB_AK_1D_6,This Study,Female,1,0.0137705,Female
18032FL-152-02-26,20684,BB_AK_1D_7,This Study,Female,0.15,0.00193197,Female
22116FL-03-01-28,20684,BB_AK_1D_7,This Study,Female,0.07,0.00105029,Female
22116FL-09Q2-01-14,20684,BB_AK_1D_7,This Study,Female,0.53,0.00705427,Female
18032FL-158-01-52,20701,BB_AK_5A_14,This Study,Female,0.02,0.000373458,Female
22116FL-04-01-17,20701,BB_AK_5A_14,This Study,Female,0.19,0.00482615,Female
22116FL-09-01-52,20701,BB_AK_5A_14,This Study,Female,0.03,0.000433927,Female
18032FL-152-02-27,20753,BB_AK_4Z_11,This Study,Female,0.06,0.000849238,Female
22116FL-03-01-43,20753,BB_AK_4Z_11,This Study,Female,0.06,0.00129158,Female
22116FL-09Q2-01-15,20753,BB_AK_4Z_11,This Study,Female,0.37,0.00522115,Female
18032FL-158-01-50,20773,BB_AK_4Z_12,This Study,Male,23.58,0.412235,Male
22116FL-04-01-11,20773,BB_AK_4Z_12,This Study,Male,77.93,3.74517,Male
22116FL-09-01-50,20773,BB_AK_4Z_12,This Study,Male,22.87,0.400068,Male
18032FL-158-01-48,20781,BB_AK_4Z_13,This Study,Male,19.95,0.346969,Male
22116FL-04-01-07,20781,BB_AK_4Z_13,This Study,Male,82.2,4.5729,Male
22116FL-09-01-48,20781,BB_AK_4Z_13,This Study,Male,19.29,0.335859,Male
18032FL-158-01-55,20787,BB_AK_4Z_14,This Study,Female,0.04,0.000559362,Female
22116FL-04-01-23,20787,BB_AK_4Z_14,This Study,Female,0.23,0.00601842,Female
22116FL-09-01-55,20787,BB_AK_4Z_14,This Study,Female,0.05,0.000692846,Female
18032FL-152-02-24,21569,BB_AK_1C_6,This Study,Female,0.06,0.000981649,Female
22116FL-03-01-32,21569,BB_AK_1C_6,This Study,Female,0.08,0.0012863,Female
22116FL-09Q2-01-22,21569,BB_AK_1C_6,This Study,Female,0.33,0.00455811,Female
18032FL-152-02-18,21648,BB_AK_4Z_15,This Study,Male,41.24,0.761034,Male
22116FL-03-01-47,21648,BB_AK_4Z_15,This Study,Male,57.15,1.43326,Male
22116FL-09Q2-01-36,21648,BB_AK_4Z_15,This Study,Male,65.53,1.72641,Male
18032FL-129-03-02,21652,BB_AK_4Z_16,This Study,Female,0.75,0.0135751,Female
22116FL-09Q2-02-05,21652,BB_AK_4Z_16,This Study,Female,0.11,0.00256257,Female
SRR935596,43157,BB_AK_4_pub1,Public,Unknown,52.0023,0.897244,Male
SRR935603,43157,BB_AK_4_pub1,Public,Unknown,52.1344,0.903283,Male
SRR935610,43157,BB_AK_4_pub1,Public,Unknown,52.5029,0.910408,Male
SRR935618,43157,BB_AK_4_pub1,Public,Unknown,95.4478,6.9617,Male
SRR941809,43157,BB_AK_4_pub1,Public,Unknown,78.0917,2.21523,Male
SRR941812,43157,BB_AK_4_pub1,Public,Unknown,78.169,2.22803,Male
SRR935620,56159,BB_AK_4_pub2,Public,Unknown,0.352235,0.00653911,Male
SRR935597,56159,BB_AK_4_pub2,Public,Unknown,0.326058,0.00344359,Male
SRR935604,56159,BB_AK_4_pub2,Public,Unknown,0.304624,0.00322966,Male
SRR935611,56159,BB_AK_4_pub2,Public,Unknown,0.297553,0.00316119,Male
SRR935629,56159,BB_AK_4_pub2,Public,Unknown,0.40943,0.0044749,Male
SRR935598,63855,BB_AK_4_pub3,Public,Unknown,56.6997,1.11718,Male
SRR935605,63855,BB_AK_4_pub3,Public,Unknown,56.7403,1.12472,Male
SRR935612,63855,BB_AK_4_pub3,Public,Unknown,56.8857,1.12986,Male
SRR935621,63855,BB_AK_4_pub3,Public,Unknown,89.9185,5.35414,Male
SRR941786,63855,BB_AK_4_pub3,Public,Unknown,70.0711,1.8307,Male
SRR935599,63856,BB_AK_4_pub4,Public,Unknown,53.8539,1.01382,Male
SRR935606,63856,BB_AK_4_pub4,Public,Unknown,54.0611,1.02284,Male
SRR935613,63856,BB_AK_4_pub4,Public,Unknown,54.2155,1.02757,Male
SRR935622,63856,BB_AK_4_pub4,Public,Unknown,88.3471,4.93716,Male
SRR935630,63856,BB_AK_4_pub4,Public,Unknown,67.621,1.69033,Male
SRR935600,63863,BB_AK_4_pub5,Public,Unknown,0.276899,0.00294854,Male
SRR935607,63863,BB_AK_4_pub5,Public,Unknown,0.27784,0.00296014,Male
SRR935614,63863,BB_AK_4_pub5,Public,Unknown,0.300504,0.00314439,Male
SRR935623,63863,BB_AK_4_pub5,Public,Unknown,0.353745,0.00683807,Male
SRR941808,63863,BB_AK_4_pub5,Public,Unknown,0.405715,0.004574,Male
SRR935601,63864,BB_AK_4_pub6,Public,Unknown,0.152801,0.00162356,Male
SRR935608,63864,BB_AK_4_pub6,Public,Unknown,0.167697,0.00173141,Male
SRR935615,63864,BB_AK_4_pub6,Public,Unknown,0.16539,0.00175147,Male
SRR935619,63864,BB_AK_4_pub6,Public,Unknown,0.383158,0.00588069,Male
SRR941810,63864,BB_AK_4_pub6,Public,Unknown,0.269552,0.00303877,Male
SRR941813,63864,BB_AK_4_pub6,Public,Unknown,0.348805,0.00394979,Male
18032FL-129-03-11,90085,BB_L48_Cab_1,This Study,Female,0.64,0.00926493,Female
18032FL-158-01-01,90085,BB_L48_Cab_1,This Study,Female,0.12,0.00177306,Female
22116FL-09-01-01,90085,BB_L48_Cab_1,This Study,Female,0.07,0.000975375,Female
18032FL-129-03-05,90199,BB_L48_Cab_2,This Study,Male,92.08,5.92163,Male
18032FL-158-01-02,90199,BB_L48_Cab_2,This Study,Male,74.06,2.04925,Male
22116FL-09-01-02,90199,BB_L48_Cab_2,This Study,Male,56.98,1.17299,Male
22116FL-03-01-04,90565,BB_L48_Sel_1,This Study,Female,1.1,0.0326983,Female
22116FL-07-01-03,90565,BB_L48_Sel_1,This Study,Female,1.14,0.0174394,Female
18032FL-152-02-06,90675,BB_L48_Yaak_1,This Study,Male,43.12,0.843445,Male
22116FL-03-01-03,90675,BB_L48_Yaak_1,This Study,Male,98.75,22.1734,Male
22116FL-09Q2-01-29,90675,BB_L48_Yaak_1,This Study,Male,67.66,1.8686,Male
22116FL-03-01-18,90901,BB_L48_Yaak_2,This Study,Female,0.08,0.00122769,Female
22116FL-07-01-04,90901,BB_L48_Yaak_2,This Study,Female,0.54,0.0106354,Female
18032FL-129-03-10,90932,BB_L48_Yaak_3,This Study,Male,88.9,5.09996,Male
18032FL-158-01-03,90932,BB_L48_Yaak_3,This Study,Male,75.64,2.25096,Male
22116FL-09-01-03,90932,BB_L48_Yaak_3,This Study,Male,70.01,1.85547,Male
22116FL-03-01-10,91635,BB_L48_Sel_2,This Study,Male,79.84,3.87342,Male
22116FL-07-01-01,91635,BB_L48_Sel_2,This Study,Male,97.07,9.1928,Male
18032FL-129-03-09,91813,BB_L48_Yaak_4,This Study,Female,0.74,0.0103505,Female
18032FL-158-01-04,91813,BB_L48_Yaak_4,This Study,Female,0.08,0.00106767,Female
22116FL-09-01-04,91813,BB_L48_Yaak_4,This Study,Female,0.08,0.0011427,Female
18032FL-129-02-03,91849,BB_L48_Sel_3,This Study,Male,84.44,6.99548,Male
18032FL-158-01-05,91849,BB_L48_Sel_3,This Study,Male,38.27,0.827137,Male
22116FL-09-01-05,91849,BB_L48_Sel_3,This Study,Male,75.06,3.22201,Male
18032FL-150-04-01,91893,BB_L48_Cab_3,This Study,Male,38.32,0.635761,Male
22116FL-03-01-05,91893,BB_L48_Cab_3,This Study,Male,97.32,14.669,Male
18032FL-150-04-02,91946,BB_L48_Sel_4,This Study,Male,34.41,0.554422,Male
18032FL-158-01-06,91946,BB_L48_Sel_4,This Study,Male,68.17,1.76517,Male
22116FL-03-01-02,91946,BB_L48_Sel_4,This Study,Male,62.08,1.73819,Male
22116FL-09-01-06,91946,BB_L48_Sel_4,This Study,Male,62.34,1.44616,Male
18032FL-150-07-05,92035,BB_L48_Sel_5,This Study,Male,58.86,1.338,Male
22116FL-03-01-06,92035,BB_L48_Sel_5,This Study,Male,98.62,23.6474,Male
22116FL-09Q2-03-01,92174,BB_L48_Cab_4,This Study,Female,0.04,0.0164688,Female
92174_S45,92174,BB_L48_Cab_4,This Study,Female,0.48,0.0204168,Female
18032FL-129-03-12,92371,BB_L48_Sel_6,This Study,Female,0.69,0.00950981,Female
18032FL-158-01-07,92371,BB_L48_Sel_6,This Study,Female,0.1,0.00142676,Female
22116FL-09-01-07,92371,BB_L48_Sel_6,This Study,Female,0.06,0.000878131,Female
18032FL-150-04-04,92377,BB_L48_Sel_7,This Study,Female,0.06,0.000768504,Female
18032FL-158-01-08,92377,BB_L48_Sel_7,This Study,Female,0.11,0.00168399,Female
22116FL-03-01-01,92377,BB_L48_Sel_7,This Study,Female,0.13,0.0026585,Female
22116FL-09-01-08,92377,BB_L48_Sel_7,This Study,Female,0.11,0.00172906,Female
18032FL-150-07-04,93269,BB_L48_Sel_8,This Study,Female,0.08,0.00102391,Female
18032FL-158-01-09,93269,BB_L48_Sel_8,This Study,Female,0.49,0.00652912,Female
22116FL-03-01-35,93269,BB_L48_Sel_8,This Study,Female,0.36,0.00615451,Female
22116FL-09-01-09,93269,BB_L48_Sel_8,This Study,Female,0.36,0.0048141,Female
18032FL-150-04-03,93839,BB_L48_Yaak_5,This Study,Male,40.89,0.707723,Male
22116FL-03-01-07,93839,BB_L48_Yaak_5,This Study,Male,98.79,24.2957,Male
18032FL-150-04-05,94289,BB_L48_Sel_9,This Study,Female,0.04,0.000459558,Female
18032FL-158-01-10,94289,BB_L48_Sel_9,This Study,Female,0.2,0.00341193,Female
22116FL-03-01-09,94289,BB_L48_Sel_9,This Study,Female,0.07,0.0013419,Female
22116FL-09-01-10,94289,BB_L48_Sel_9,This Study,Female,0.06,0.000795786,Female
22116FL-03-01-11,94292,BB_L48_Yaak_6,This Study,Female,0.08,0.00158489,Female
22116FL-07-01-02,94292,BB_L48_Yaak_6,This Study,Female,1.69,0.0252179,Female
18032FL-158-01-11,95258,BB_L48_Sel_10,This Study,Female,0.05,0.000627879,Female
22116FL-03-01-16,95258,BB_L48_Sel_10,This Study,Female,0.09,0.00152801,Female
22116FL-07-01-05,95258,BB_L48_Sel_10,This Study,Female,0.3,0.00519358,Female
22116FL-09-01-11,95258,BB_L48_Sel_10,This Study,Female,0.06,0.000820139,Female
101182_S14,101182,BB_AK_8_1,This Study,Female,0.17,0.00266572,Female
22116FL-07-01-19,101182,BB_AK_8_1,This Study,Female,0.52,0.0108171,Female
22116FL-01-02-47,104220,BB_AK_25A_1,This Study,Male,74.3,3.23993,Male
22116FL-01-02-51,104231,BB_AK_12Z_1,This Study,Male,79.15,3.42398,Male
104259_S36,104259,BB_AK_12Z_2,This Study,Male,87.54,4.70438,Male
104682_S40,104682,BB_AK_12Z_3,This Study,Female,0.51,0.0102578,Female
22116FL-09Q2-02-03,104682,BB_AK_12Z_3,This Study,Female,0.17,0.00464334,Female
18032FL-158-01-40,104694,BB_AK_20E_1,This Study,Female,0.02,0.000264533,Female
22116FL-04-01-10,104694,BB_AK_20E_1,This Study,Female,0.24,0.00633426,Female
22116FL-09-01-40,104694,BB_AK_20E_1,This Study,Female,0.02,0.000222432,Female
18032FL-152-02-02,104696,BB_AK_20E_2,This Study,Female,0.12,0.00172237,Female
22116FL-03-01-24,104696,BB_AK_20E_2,This Study,Female,0.32,0.00634223,Female
22116FL-09Q2-02-10,104696,BB_AK_20E_2,This Study,Female,0.17,0.00287185,Female
18032FL-162-01-15,104698,BB_AK_20E_3,This Study,Male,52.81,1.11443,Male
22116FL-01-02-27,104698,BB_AK_20E_3,This Study,Male,77.94,3.00375,Male
22116FL-01-02-01,105139,BB_AK_12Z_4,This Study,Male,83.63,4.50002,Male
105140_S41,105140,BB_AK_12Z_5,This Study,Male,59.06,1.99282,Male
22116FL-09Q2-02-02,105140,BB_AK_12Z_5,This Study,Male,48.84,1.41226,Male
22116FL-02-01-24,105141,BB_AK_12Z_6,This Study,Male,83.72,3.67033,Male
105348_S42,105348,BB_AK_23Z_1,This Study,Male,62.17,3.12064,Male
22116FL-09Q2-02-01,105348,BB_AK_23Z_1,This Study,Male,7.23,0.154544,Undetermined
18032FL-129-03-08,105376,BB_AK_20E_4,This Study,Male,89,5.37857,Male
22116FL-02-01-25,105535,BB_AK_20C_1,This Study,Male,84.18,6.98637,Male
22116FL-05-01-18,105537,BB_AK_25A_2,This Study,Female,0.24,0.00588453,Female
22116FL-02-01-26,105541,BB_AK_25A_3,This Study,Female,0.15,0.00443267,Female
22116FL-09Q2-03-09,105541,BB_AK_25A_3,This Study,Female,0.06,0.00124276,Female
22116FL-02-01-27,105542,BB_AK_25A_4,This Study,Female,0.13,0.00291486,Female
18032FL-162-01-18,105550,BB_AK_20C_2,This Study,Male,34.85,0.556736,Male
22116FL-01-02-22,105550,BB_AK_20C_2,This Study,Male,76.48,2.60659,Male
111451_S39,111451,BB_AK_20E_5,This Study,Male,88.73,7.36796,Male
22116FL-01-02-50,111452,BB_AK_20E_6,This Study,Male,0.2,0.00440857,Female
22116FL-02-01-11,111458,BB_AK_20E_7,This Study,Female,0.39,0.00908464,Female
18032FL-152-02-30,111459,BB_AK_20E_8,This Study,Female,0.17,0.00233193,Female
22116FL-03-01-29,111459,BB_AK_20E_8,This Study,Female,0.09,0.00173261,Female
22116FL-09Q2-01-18,111459,BB_AK_20E_8,This Study,Female,1.03,0.0140144,Female
22116FL-02-01-12,111638,BB_AK_23Z_2,This Study,Male,79.99,3.65814,Male
22116FL-02-01-13,111681,BB_AK_21D_1,This Study,Male,90.56,5.16385,Male
22116FL-05-01-19,111687,BB_AK_22A_1,This Study,Male,95.29,8.20623,Male
22116FL-01-02-41,111803,BB_AK_21D_2,This Study,Male,81.63,4.62415,Male
22116FL-02-01-28,111805,BB_AK_21D_3,This Study,Male,94.04,6.10894,Male
18032FL-158-01-41,111830,BB_AK_20E_9,This Study,Male,35.12,0.650945,Male
22116FL-04-01-15,111830,BB_AK_20E_9,This Study,Male,93.26,9.37833,Male
22116FL-09-01-41,111830,BB_AK_20E_9,This Study,Male,33.67,0.622758,Male
18032FL-152-02-01,111856,BB_AK_20E_10,This Study,Male,51.22,1.05768,Male
18032FL-162-01-12,111856,BB_AK_20E_10,This Study,Male,53.12,1.06894,Male
22116FL-03-01-40,111856,BB_AK_20E_10,This Study,Male,64.96,1.8261,Male
18032FL-158-01-39,111857,BB_AK_20E_11,This Study,Female,0.05,0.000749971,Female
22116FL-04-01-24,111857,BB_AK_20E_11,This Study,Female,0.44,0.0137288,Female
22116FL-09-01-39,111857,BB_AK_20E_11,This Study,Female,0.05,0.000687026,Female
22116FL-02-01-29,111858,BB_AK_20C_3,This Study,Female,0.16,0.00327841,Female
22116FL-01-02-16,111859,BB_AK_20C_4,This Study,Male,82.62,3.22695,Male
22116FL-01-02-46,111863,BB_AK_20F_1,This Study,Female,0.23,0.00501577,Female
22116FL-02-01-30,111867,BB_AK_25D_1,This Study,Male,76.14,2.71606,Male
22116FL-09Q2-03-08,111867,BB_AK_25D_1,This Study,Male,66.78,2.16473,Male
22116FL-02-01-31,111869,BB_AK_25D_2,This Study,Female,0.19,0.00441707,Female
22116FL-05-01-20,111892,BB_AK_21D_4,This Study,Female,0.31,0.00770926,Female
22116FL-01-02-45,111924,BB_AK_21A_1,This Study,Female,0.27,0.00663751,Female
22116FL-02-01-14,111926,BB_AK_21C_1,This Study,Male,92.88,5.3019,Male
22116FL-03-01-19,111926,BB_AK_21C_1,This Study,Male,63,1.58754,Male
22116FL-02-01-32,111945,BB_AK_25D_3,This Study,Male,89.5,7.58311,Male
22116FL-01-02-12,111958,BB_AK_20C_5,This Study,Male,92.06,8.93401,Male
22116FL-02-01-33,111971,BB_AK_25A_5,This Study,Male,78.43,3.45593,Male
22116FL-01-02-21,111981,BB_AK_20C_6,This Study,Male,80.32,3.24069,Male
22116FL-02-01-15,111999,BB_AK_25A_6,This Study,Female,0.12,0.00215217,Female
22116FL-09Q2-03-05,111999,BB_AK_25A_6,This Study,Female,0.09,0.00165481,Female
22116FL-02-01-34,112013,BB_AK_20F_2,This Study,Male,70.71,2.64026,Male
22116FL-02-01-35,112014,BB_AK_20F_3,This Study,Male,82.28,4.65104,Male
18032FL-158-01-36,112022,BB_AK_25D_4,This Study,Male,21.21,0.31054,Male
22116FL-02-01-16,112022,BB_AK_25D_4,This Study,Male,77.73,2.98194,Male
22116FL-04-01-18,112022,BB_AK_25D_4,This Study,Male,91.55,6.72017,Male
22116FL-09-01-36,112022,BB_AK_25D_4,This Study,Male,20.02,0.28853,Male
18032FL-162-01-02,112024,BB_AK_22B_1,This Study,Male,48.76,0.91801,Male
22116FL-01-02-39,112024,BB_AK_22B_1,This Study,Male,75.47,2.75609,Male
22116FL-02-01-17,112051,BB_AK_25A_7,This Study,Female,0.41,0.0105728,Female
22116FL-02-01-18,112064,BB_AK_20F_4,This Study,Male,86,4.72193,Male
22116FL-02-01-36,112077,BB_AK_25D_5,This Study,Male,83.99,4.2685,Male
22116FL-02-01-19,112078,BB_AK_25D_6,This Study,Male,85.36,4.58597,Male
22116FL-02-01-20,112085,BB_AK_25A_8,This Study,Male,86.23,5.17032,Male
22116FL-02-01-21,112099,BB_AK_20F_5,This Study,Male,0.17,0.00308673,Female
22116FL-02-01-37,112116,BB_AK_25D_7,This Study,Male,69.02,2.42705,Male
22116FL-09Q2-03-03,112116,BB_AK_25D_7,This Study,Male,64.94,2.47872,Male
22116FL-02-01-38,112118,BB_AK_20F_6,This Study,Female,0.21,0.00441662,Female
18032FL-162-01-09,112119,BB_AK_25D_8,This Study,Female,0.03,0.000401814,Female
22116FL-01-02-42,112119,BB_AK_25D_8,This Study,Female,0.12,0.00226712,Female
22116FL-02-01-39,112120,BB_AK_25D_9,This Study,Male,78.36,4.03759,Male
22116FL-02-01-40,112121,BB_AK_20F_7,This Study,Male,78.31,3.5939,Male
22116FL-02-01-41,112123,BB_AK_20F_8,This Study,Female,0.28,0.00611105,Female
22116FL-02-01-42,112271,BB_AK_21D_5,This Study,Female,0.18,0.00359062,Female
22116FL-02-01-43,112272,BB_AK_21D_6,This Study,Male,85.69,3.95552,Male
18032FL-162-01-10,112389,BB_AK_12Z_8,This Study,Male,50.86,0.989635,Male
22116FL-01-02-26,112389,BB_AK_12Z_8,This Study,Male,78.81,2.80088,Male
18032FL-162-01-17,112392,BB_AK_20F_9,This Study,Male,41.9,0.730795,Male
22116FL-01-02-40,112392,BB_AK_20F_9,This Study,Male,77.93,2.83119,Male
22116FL-02-01-44,112393,BB_AK_20C_7,This Study,Male,80.02,3.00592,Male
22116FL-09Q2-03-04,112393,BB_AK_20C_7,This Study,Male,66.33,2.01996,Male
18032FL-162-01-13,112451,BB_AK_25A_9,This Study,Female,46.27,0.974545,Male
22116FL-01-02-43,112451,BB_AK_25A_9,This Study,Female,70.56,2.66554,Male
22116FL-01-02-32,112459,BB_AK_25A_10,This Study,Male,81.59,3.54543,Male
22116FL-02-01-45,112461,BB_AK_21D_7,This Study,Female,0.26,0.00594863,Female
22116FL-02-01-46,112462,BB_AK_20C_8,This Study,Female,0.19,0.0041416,Female
22116FL-02-01-47,112465,BB_AK_20C_9,This Study,Male,85.26,3.68813,Male
22116FL-02-01-48,112466,BB_AK_12Z_9,This Study,Male,75.12,3.2906,Male
22116FL-09Q2-03-10,112466,BB_AK_12Z_9,This Study,Male,61.88,2.27995,Male
22116FL-02-01-22,112467,BB_AK_20C_10,This Study,Male,88.73,4.52663,Male
22116FL-02-01-23,112468,BB_AK_20F_10,This Study,Female,0.13,0.00234167,Female
22116FL-09Q2-03-06,112468,BB_AK_20F_10,This Study,Female,0.05,0.000820799,Female
22116FL-01-02-44,112469,BB_AK_12Z_10,This Study,Male,72.7,3.18675,Male
22116FL-09Q2-02-11,112469,BB_AK_12Z_10,This Study,Male,35.22,0.631112,Male
18032FL-158-01-12,206500,BB_L48_NCD_1,This Study,Male,71.07,2.02145,Male
206500_S1,206500,BB_L48_NCD_1,This Study,Male,64.24,1.59378,Male
22116FL-07-01-06,206500,BB_L48_NCD_1,This Study,Male,86.75,3.26359,Male
22116FL-09-01-12,206500,BB_L48_NCD_1,This Study,Male,52.17,1.10833,Male
206501_S2,206501,BB_L48_NCD_2,This Study,Female,0.22,0.0034942,Female
22116FL-07-01-07,206501,BB_L48_NCD_2,This Study,Female,0.63,0.0103647,Female
206502_S3,206502,BB_L48_NCD_3,This Study,Male,68.57,1.85957,Male
22116FL-07-01-08,206502,BB_L48_NCD_3,This Study,Male,89.26,3.88558,Male
206503_S4,206503,BB_L48_NCD_4,This Study,Male,84.38,3.3466,Male
22116FL-07-01-09,206503,BB_L48_NCD_4,This Study,Male,94.69,6.18523,Male
206504_S5,206504,BB_L48_NCD_5,This Study,Male,65.86,1.66381,Male
22116FL-07-01-10,206504,BB_L48_NCD_5,This Study,Male,86.21,3.14546,Male
206505_S6,206505,BB_L48_NCD_6,This Study,Female,0.19,0.00284556,Female
22116FL-07-01-11,206505,BB_L48_NCD_6,This Study,Female,2.05,0.0295523,Female
206506_S7,206506,BB_L48_NCD_7,This Study,Female,0.34,0.00447003,Female
22116FL-07-01-12,206506,BB_L48_NCD_7,This Study,Female,0.98,0.0143358,Female
206507_S8,206507,BB_L48_NCD_8,This Study,Male,83.03,3.10608,Male
22116FL-07-01-13,206507,BB_L48_NCD_8,This Study,Male,94.9,6.14648,Male
206508_S9,206508,BB_L48_NCD_9,This Study,Male,75.58,2.32348,Male
22116FL-07-01-14,206508,BB_L48_NCD_9,This Study,Male,91.42,4.33026,Male
206509_S10,206509,BB_L48_NCD_10,This Study,Female,0.22,0.00290949,Female
22116FL-07-01-15,206509,BB_L48_NCD_10,This Study,Female,0.99,0.0139117,Female
206510_S11,206510,BB_L48_NCD_11,This Study,Female,0.67,0.00922795,Female
22116FL-07-01-16,206510,BB_L48_NCD_11,This Study,Female,7.92,0.0973891,Undetermined
18032FL-158-01-13,206511,BB_L48_NCD_2,This Study,Female,0.06,0.000823317,Female
206511_S12,206511,BB_L48_NCD_12,This Study,Female,0.36,0.00484868,Female
22116FL-07-01-17,206511,BB_L48_NCD_12,This Study,Female,1.18,0.0156524,Female
22116FL-09-01-13,206511,BB_L48_NCD_12,This Study,Female,0.05,0.000690576,Female
206512_S13,206512,BB_L48_NCD_13,This Study,Female,0.3,0.00447275,Female
22116FL-07-01-18,206512,BB_L48_NCD_13,This Study,Female,1.13,0.0200949,Female
SRR17940144_Shotgun_sequencing_of_Ursus_arctos,518354,BB_AK_22_pub,Public,Male,89.28,6.39218,Male
1800082_S15,1800082,BB_AK_8_2,This Study,Male,37.54,0.678541,Male
22116FL-09Q2-01-07,1800082,BB_AK_8_2,This Study,Male,33.21,0.602118,Male
1800085_S16,1800085,BB_AK_8_3,This Study,Male,76.03,2.56653,Male
22116FL-09Q2-01-08,1800085,BB_AK_8_3,This Study,Male,67.92,1.98933,Male
1800086_S17,1800086,BB_AK_8_4,This Study,Male,71.39,2.1407,Male
22116FL-09Q2-01-09,1800086,BB_AK_8_4,This Study,Male,61.82,1.61371,Male
1800112_S18,1800112,BB_AK_8_5,This Study,Female,0.3,0.00520415,Female
22116FL-09Q2-01-10,1800112,BB_AK_8_5,This Study,Female,0.5,0.00774984,Female
1800114_S19,1800114,BB_AK_8_6,This Study,Male,81.73,3.27457,Male
22116FL-09Q2-01-11,1800114,BB_AK_8_6,This Study,Male,75.5,2.6233,Male
1800115_S20,1800115,BB_AK_8_7,This Study,Male,66.26,1.76242,Male
22116FL-09Q2-01-12,1800115,BB_AK_8_7,This Study,Male,56.85,1.35152,Male
1800118_S21,1800118,BB_AK_8_8,This Study,Female,0.3,0.00424702,Female
22116FL-09Q2-01-13,1800118,BB_AK_8_8,This Study,Female,0.76,0.0104836,Female
1800139_S22,1800139,BB_AK_8_9,This Study,Female,0.09,0.00120082,Female
22116FL-09Q2-01-01,1800139,BB_AK_8_9,This Study,Female,0.99,0.0134151,Female
1800143_S23,1800143,BB_AK_8_10,This Study,Male,67.12,1.70103,Male
22116FL-09Q2-01-02,1800143,BB_AK_8_10,This Study,Male,64.42,1.6497,Male
1800146_S24,1800146,BB_AK_8_11,This Study,Female,0.59,0.00817807,Female
22116FL-09Q2-01-03,1800146,BB_AK_8_11,This Study,Female,1.98,0.0274355,Female
1800166_S25,1800166,BB_AK_8_12,This Study,Female,60.81,1.39661,Male
22116FL-09Q2-01-04,1800166,BB_AK_8_12,This Study,Female,53.53,1.16333,Male
1800255_S26,1800255,BB_AK_8_13,This Study,Female,0.28,0.00403511,Female
22116FL-09Q2-01-05,1800255,BB_AK_8_13,This Study,Female,0.42,0.00580086,Female
1800265_S27,1800265,BB_AK_8_14,This Study,Male,68.38,1.78752,Male
22116FL-09Q2-01-06,1800265,BB_AK_8_14,This Study,Male,61.75,1.51229,Male
SRR935602,107596012,BB_L48_NCD_pub,Public,Unknown,46.3251,0.723717,Male
SRR935609,107596012,BB_L48_NCD_pub,Public,Unknown,46.3122,0.720182,Male
SRR935616,107596012,BB_L48_NCD_pub,Public,Unknown,46.5888,0.727207,Male
SRR935617,107596012,BB_L48_NCD_pub,Public,Unknown,94.5629,5.69819,Male
SRR941811,107596012,BB_L48_NCD_pub,Public,Unknown,70.0386,1.58145,Male
SRR941814,107596012,BB_L48_NCD_pub,Public,Unknown,70.298,1.59618,Male
SRR17940143_Shotgun_sequencing_of_Ursus_arctos,012-93,BB_AK_pub_26_4,Public,Male,86.42,4.66825,Male
18032FL-129-02-06,027_KATM,BB_AK_9_1,This Study,Female,1.04,0.0166798,Female
22116FL-05-01-21,027_KATM,BB_AK_9_1,This Study,Female,0.31,0.00831572,Female
22116FL-05-01-22,037_KATM,BB_AK_9_2,This Study,Female,0.31,0.0134052,Female
22116FL-05-01-23,046_KATM,BB_AK_9_3,This Study,Female,0.3,0.00714441,Female
18032FL-129-02-02,057_KATM,BB_AK_9_4,This Study,Female,2.3,0.0319052,Female
22116FL-05-01-24,067_KATM,BB_AK_9_5,This Study,Female,0.51,0.0116638,Female
22116FL-05-01-25,077_KATM,BB_AK_9_6,This Study,Male,96.61,14.4547,Male
087_KATM_S44,087_KATM,BB_AK_9_7,This Study,Female,0.66,0.0119055,Female
22116FL-09Q2-02-04,087_KATM,BB_AK_9_7,This Study,Female,0.33,0.00624176,Female
SRR17940141_Shotgun_sequencing_of_Ursus_arctos,088-06,BB_AK_pub_26_2,Public,Female,0.37,0.00653763,Female
22116FL-05-01-26,107_KATM,BB_AK_9_8,This Study,Female,0.3,0.00706178,Female
22116FL-05-01-27,117_KATM,BB_AK_9_9,This Study,Female,0.21,0.00394323,Female
SRR17940140_Shotgun_sequencing_of_Ursus_arctos,120-05,BB_AK_pub_26_1,Public,Female,0.42,0.00685322,Female
22116FL-09Q2-03-07,14020_GAAR,BB_AK_24_1,This Study,Female,0.08,0.00159504,Female
18032FL-129-03-27,14024_GAAR,BB_AK_24_2,This Study,Female,0.05,0.000736515,Female
18032FL-129-03-25,14032_GAAR,BB_AK_24_4,This Study,Female,0.51,0.00810241,Female
1601_GAAR_S46,1601_GAAR,BB_AK_24_6,This Study,Female,0.1,0.00195092,Female
22116FL-09Q2-03-02,1601_GAAR,BB_AK_24_6,This Study,Female,0.09,0.00150287,Female
22116FL-05-01-29,1603_GAAR,BB_AK_24_7,This Study,Female,0.27,0.00511503,Male
22116FL-05-01-30,1603_GAAR,BB_AK_24_7,This Study,Female,0.26,0.00565826,Female
22116FL-05-01-31,1604_GAAR,BB_AK_24_8,This Study,Male,89.15,4.33209,Male
18032FL-129-02-08,1609_GAAR,BB_AK_24_9,This Study,Male,94.52,6.53265,Male
22116FL-05-01-33,421_LACL,BB_AK_9_10,This Study,Male,83.31,2.85987,Male
22116FL-05-01-34,421_LACL,BB_AK_9_10,This Study,Male,96.38,7.66551,Male
22116FL-05-01-35,501_LACL,BB_AK_9_12,This Study,Female,0.25,0.00476258,Female
22116FL-05-01-36,505_LACL,BB_AK_9_14,This Study,Male,85.11,5.21654,Male
22116FL-05-01-37,506 LACL,NA,This Study,Male,NA,NA,Male
18032FL-129-02-07,507_LACL,BB_AK_9_15,This Study,Male,89.7,6.01895,Male
18032FL-129-03-24,510 _LACL,BB_AK_9_16,This Study,Female,0.93,0.0140734,Female
22116FL-05-01-38,512 LACL,NA,This Study,Male,NA,NA,Male
SRR7758718_WGS_analysis_of_normal_blood_sample_GT_1_A92977_,A92977,BB_AK_Captive_pub,Public,Male,99.88,66.5732,Male
SRR518710,ABC1,BB_AK_4_pub7,Public,Unknown,0.663801,0.019213,Male
SRR518711,ABC1,BB_AK_4_pub7,Public,Female,0.72095,0.020237,Male
SRR22801902_Range-wide_whole-genome_resequencing_of_the_brown_bear,ABC15,BB_AK_4_pub14,Public,Male,93.74,6.56766,Male
SRR22801901_Range-wide_whole-genome_resequencing_of_the_brown_bear,ABC16,BB_AK_4_pub13,Public,Male,94.3,6.93251,Male
SRR22801890_Range-wide_whole-genome_resequencing_of_the_brown_bear,ABC7,BB_AK_4_pub12,Public,Male,96.59,10.5526,Male
SRR22801879_Range-wide_whole-genome_resequencing_of_the_brown_bear,ABC8,BB_AK_4_pub11,Public,Male,97.82,12.3575,Male
SRR22801868_Range-wide_whole-genome_resequencing_of_the_brown_bear,ABC9,BB_AK_4_pub10,Public,Female,0.27,0.00516927,Female
SRR11336675_Whole_genome_of_ursos_arctos,Adak,BB_WSU_Adak,Public,Male,99.93,38.0686,Male
SRR22801829_Range-wide_whole-genome_resequencing_of_the_brown_bear,Alaska1,BB_AK_8_pub,Public,Female,0.25,0.00600749,Female
SRR22801818_Range-wide_whole-genome_resequencing_of_the_brown_bear,Alaska11,BB_AK_24_pub2,Public,Male,96.97,8.22596,Male
SRR22801807_Range-wide_whole-genome_resequencing_of_the_brown_bear,Alaska12,BB_AK_24_pub1,Public,Male,93.48,6.74012,Male
SRR22801856_Range-wide_whole-genome_resequencing_of_the_brown_bear,Alaska7,BB_AK_24_pub4,Public,Female,0.34,0.00879542,Female
SRR22801845_Range-wide_whole-genome_resequencing_of_the_brown_bear,Alaska9,BB_AK_24_pub3,Public,Female,0.29,0.00619508,Female
SRR22801895_Range-wide_whole-genome_resequencing_of_the_brown_bear,Canada1,BB_CAN_BC_pub,Public,Female,0.16,0.00351516,Female
SRR22801894_Range-wide_whole-genome_resequencing_of_the_brown_bear,Canada10,BB_CAN_pub_HB_11,Public,Male,96.95,14.3085,Male
SRR22801893_Range-wide_whole-genome_resequencing_of_the_brown_bear,Canada11,BB_CAN_pub_HB_10,Public,Male,92.73,7.16348,Male
SRR22801892_Range-wide_whole-genome_resequencing_of_the_brown_bear,Canada12,BB_CAN_pub_HB_9,Public,Male,93.33,10.6933,Male
SRR22801891_Range-wide_whole-genome_resequencing_of_the_brown_bear,Canada2,BB_CAN_pub_HB_8,Public,Male,93.83,7.82631,Male
SRR22801889_Range-wide_whole-genome_resequencing_of_the_brown_bear,Canada3,BB_CAN_pub_HB_7,Public,Male,96.53,12.3373,Male
SRR22801888_Range-wide_whole-genome_resequencing_of_the_brown_bear,Canada4,BB_CAN_pub_HB_6,Public,Female,0.35,0.00709455,Female
SRR22801887_Range-wide_whole-genome_resequencing_of_the_brown_bear,Canada5,BB_CAN_pub_HB_5,Public,Male,94.32,7.80956,Male
SRR22801886_Range-wide_whole-genome_resequencing_of_the_brown_bear,Canada6,BB_CAN_pub_HB_4,Public,Male,93.8,7.43736,Male
SRR22801885_Range-wide_whole-genome_resequencing_of_the_brown_bear,Canada7,BB_CAN_pub_HB_3,Public,Male,90.89,5.56223,Male
SRR22801884_Range-wide_whole-genome_resequencing_of_the_brown_bear,Canada8,BB_CAN_pub_HB_2,Public,Male,88.92,7.14205,Male
SRR22801883_Range-wide_whole-genome_resequencing_of_the_brown_bear,Canada9,BB_CAN_pub_HB_1,Public,Male,96.27,10.2437,Male
SRR1692419_Ursus_arctos_Chichagof_1,Chicagof1,BB_AK_4_pub8,Public,Female,0.21,0.00433171,Female
SRR1693624_Ursus_arctos_Chichagof_2,Chicagof2,BB_AK_4_pub9,Public,Female,0.26,0.00553922,Female
SRR11336676,Cooke,BB_WSU_Cooke,Public,Unknown,0.386109,0.0149837,Female
SRR17940137,Cooke,BB_WSU_Cooke,Public,Female,0.25939,0.00363845,Female
22116FL-05-01-39,cub,NA,This Study,Male,NA,NA,Male
22116FL-02-01-01,Didgy,BB_CAN_BC_1,This Study,Female,0.157477,0.00314121,Female
SRR11336682_Whole_genome_of_ursos_arctos,Dodge,BB_WSU_Dodge,Public,Male,99.94,40.0619,Male
SRR830337_Uarc_EP040,EP040,BB_AK_13_pub,Public,Female,0.38,0.0109279,Female
SRR830213_Uarc_EP050,EP050,BB_AK_4_pub16,Public,Female,3.53,0.0745179,Female
18032FL-162-01-22,EVGF_Melissa,BB_CAN_BC_5,This Study,Female,0.02,0.000214012,Female
22116FL-05-01-40,EVGF57_Brittney,BB_CAN_BC_2,This Study,Female,0.19,0.00334726,Female
22116FL-01-02-07,EVGF60_Bailey,BB_CAN_BC_3,This Study,Female,0.21,0.00425345,Female
22116FL-05-01-41,EVGF68_Casey,BB_CAN_BC_4,This Study,Female,0.27,0.00459979,Female
22116FL-01-02-08,EVGF73_Melissa,BB_CAN_BC_5,This Study,Female,0.15,0.00288931,Female
22116FL-01-02-18,EVGF93_JimmyMom,BB_CAN_BC_6,This Study,Female,0.2,0.00435809,Female
22116FL-01-02-06,EVGF95_Amelie,BB_CAN_BC_7,This Study,Female,0.13,0.00280577,Female
22116FL-01-02-02,EVGF96_Elaine,BB_CAN_BC_8,This Study,Female,0.24,0.00386675,Female
18032FL-162-01-20,EVGM_Feng,BB_CAN_BC_12,This Study,Male,36.02,0.605612,Male
22116FL-01-02-19,EVGM_Feng,BB_CAN_BC_12,This Study,Male,72.93,2.40412,Male
22116FL-01-02-13,EVGM100_Arthur,BB_CAN_BC_9,This Study,Male,74.4,2.60052,Male
22116FL-01-02-20,EVGM44_Kenny,BB_CAN_BC_10,This Study,Male,94.3,8.53575,Male
18032FL-162-01-01,EVGM50_Darren,BB_CAN_BC_11,This Study,Male,44.03,0.848787,Male
22116FL-01-02-28,EVGM50_Darren,BB_CAN_BC_11,This Study,Male,60.22,1.61717,Male
22116FL-01-02-03,EVGM71_Basil,BB_CAN_BC_13,This Study,Male,81.85,3.44999,Male
SRR11336677_Whole_genome_of_ursos_arctos,Frank,BB_WSU_Frank,Public,Male,99.94,32.4634,Male
22116FL-01-02-49,G037,BB_CAN_Alb_1,This Study,Female,0.25,0.00532129,Female
22116FL-02-01-05,G142,BB_CAN_Alb_2,This Study,Male,80.38,3.14601,Male
22116FL-02-01-02,G163,BB_CAN_Alb_3,This Study,Female,0.15,0.00287977,Female
22116FL-02-01-06,G175,BB_CAN_Alb_4,This Study,Male,82.82,4.16152,Male
22116FL-02-01-03,G176,BB_CAN_Alb_5,This Study,Female,0.36,0.00562445,Female
22116FL-09Q2-03-11,G176,BB_CAN_Alb_5,This Study,Female,0.13,0.00174252,Female
18032FL-129-03-19,G177,BB_CAN_Alb_6,This Study,Male,76.27,2.71489,Male
18032FL-129-03-07,G178,BB_CAN_Alb_7,This Study,Male,84.83,4.61421,Male
22116FL-02-01-07,G179,BB_CAN_Alb_8,This Study,Male,81.27,3.53777,Male
22116FL-01-02-48,G183,BB_CAN_Alb_9,This Study,Female,0.2,0.00372435,Female
22116FL-01-02-24,G184,BB_CAN_Alb_10,This Study,Male,76.94,2.82318,Male
GB_0105144_L002,GB_0105144,BB_AK_12Z_7,This Study,Male,,,Male
GB_0105144_L003,GB_0105144,BB_AK_12Z_7,This Study,Male,,,Male
18032FL-152-02-04,GB_115184,BB_L48_GYE_1,This Study,Female,0.11,0.00147687,Female
18032FL-158-01-14,GB_115184,BB_L48_GYE_1,This Study,Female,0.27,0.00438595,Female
22116FL-03-01-23,GB_115184,BB_L48_GYE_1,This Study,Female,0.4,0.0062312,Female
22116FL-05-01-42,GB_115184,BB_L48_GYE_1,This Study,Female,NA,NA,Male
22116FL-09-01-14,GB_115184,BB_L48_GYE_1,This Study,Female,0.2,0.00312606,Female
18032FL-152-02-03,GB_115253,BB_L48_GYE_2,This Study,Female,0.15,0.00211412,Female
18032FL-158-01-15,GB_115253,BB_L48_GYE_2,This Study,Female,0.15,0.00240313,Female
22116FL-03-01-31,GB_115253,BB_L48_GYE_2,This Study,Female,0.12,0.00237531,Female
22116FL-05-01-43,GB_115253,BB_L48_GYE_2,This Study,Female,NA,NA,Male
22116FL-09-01-15,GB_115253,BB_L48_GYE_2,This Study,Female,0.15,0.00248592,Female
18032FL-129-03-04,GB_116905,BB_L48_GYE_3,This Study,Male,86.58,4.75116,Male
22116FL-03-01-15,GB_116905,BB_L48_GYE_3,This Study,Male,81.41,3.87661,Male
18032FL-150-07-03,GB_120740,BB_L48_GYE_4,This Study,Male,53.15,1.3763,Male
18032FL-158-01-16,GB_120740,BB_L48_GYE_4,This Study,Male,92.86,13.8525,Male
22116FL-03-01-26,GB_120740,BB_L48_GYE_4,This Study,Male,81.78,5.99138,Male
22116FL-09-01-16,GB_120740,BB_L48_GYE_4,This Study,Male,90.25,10.3919,Male
18032FL-152-02-05,GB_121019,BB_L48_GYE_5,This Study,Female,0.21,0.00299175,Female
18032FL-158-01-17,GB_121019,BB_L48_GYE_5,This Study,Female,0.08,0.00137636,Female
22116FL-03-01-25,GB_121019,BB_L48_GYE_5,This Study,Female,0.05,0.000746256,Female
22116FL-09-01-17,GB_121019,BB_L48_GYE_5,This Study,Female,0.02,0.000236053,Female
18032FL-158-01-18,GB_122748,BB_L48_GYE_6,This Study,Female,0.04,0.000547516,Female
22116FL-04-01-05,GB_122748,BB_L48_GYE_6,This Study,Female,0.14,0.0034705,Female
22116FL-09-01-18,GB_122748,BB_L48_GYE_6,This Study,Female,0.03,0.000404043,Female
18032FL-158-01-22,GB_125800,BB_L48_GYE_7,This Study,Male,53.34,0.882847,Male
22116FL-05-01-44,GB_125800,BB_L48_GYE_7,This Study,Male,90.99,5.85885,Male
22116FL-09-01-22,GB_125800,BB_L48_GYE_7,This Study,Male,26.42,0.341519,Male
18032FL-150-07-02,GB_125813,BB_L48_GYE_8,This Study,Male,51.47,0.94278,Male
18032FL-158-01-19,GB_125813,BB_L48_GYE_8,This Study,Male,72.24,1.58309,Male
22116FL-03-01-21,GB_125813,BB_L48_GYE_8,This Study,Male,77.27,2.36052,Male
22116FL-05-01-45,GB_125813,BB_L48_GYE_8,This Study,Male,NA,NA,Male
22116FL-09-01-19,GB_125813,BB_L48_GYE_8,This Study,Male,51.19,0.86653,Male
18032FL-150-07-01,GB_125827,BB_L48_GYE_9,This Study,Female,0.07,0.00106919,Female
18032FL-158-01-20,GB_125827,BB_L48_GYE_9,This Study,Female,0.07,0.000889192,Female
22116FL-03-01-12,GB_125827,BB_L48_GYE_9,This Study,Female,0.16,0.00306989,Female
22116FL-09-01-20,GB_125827,BB_L48_GYE_9,This Study,Female,0.05,0.000559445,Female
18032FL-129-03-03,GB_577056,BB_L48_GYE_10,This Study,Male,82.8,4.04881,Male
18032FL-158-01-21,GB_577056,BB_L48_GYE_10,This Study,Male,79.12,3.40025,Male
22116FL-03-01-14,GB_577056,BB_L48_GYE_10,This Study,Male,78.69,3.7921,Male
22116FL-09-01-21,GB_577056,BB_L48_GYE_10,This Study,Male,61.7,1.60393,Male
18032FL-129-03-06,GBF142,BB_CAN_Alb_11,This Study,Female,0.32,0.00575839,Female
22116FL-01-02-29,GBF148,BB_CAN_Alb_12,This Study,Female,0.13,0.00242802,Female
22116FL-01-02-04,GBF155,BB_CAN_Alb_13,This Study,Female,0.16,0.00312288,Female
18032FL-162-01-03,GBF156,BB_CAN_Alb_14,This Study,Female,0.04,0.000479371,Female
22116FL-01-02-05,GBF156,BB_CAN_Alb_14,This Study,Female,0.08,0.00151587,Female
22116FL-05-01-46,GBF160,BB_CAN_Alb_15,This Study,Female,0.17,0.00311508,Female
18032FL-129-03-18,GBF161,BB_CAN_Alb_16,This Study,Male,1.04,0.013961,Female
18032FL-162-01-08,GBM140,BB_CAN_Alb_17,This Study,Male,58.16,1.32876,Male
22116FL-01-02-31,GBM140,BB_CAN_Alb_17,This Study,Male,74.88,2.5109,Male
22116FL-02-01-08,GBM141,BB_CAN_Alb_18,This Study,Male,87.35,4.50684,Male
18032FL-162-01-21,GBM144,BB_CAN_Alb_19,This Study,Male,29.77,0.553405,Male
22116FL-01-02-15,GBM144,BB_CAN_Alb_19,This Study,Male,68.99,2.37466,Male
22116FL-02-01-09,GBM149,BB_CAN_Alb_20,This Study,Male,76.14,2.90156,Male
22116FL-09Q2-03-12,GBM149,BB_CAN_Alb_20,This Study,Male,41.75,0.950015,Male
22116FL-01-02-38,GF219_Lucy,BB_CAN_BC_14,This Study,Female,0.38,0.00723918,Female
22116FL-02-01-04,GF228_Dancer,BB_CAN_BC_15,This Study,Female,0.19,0.00382931,Female
18032FL-162-01-19,GF38,BB_CAN_BC_16,This Study,Female,0.04,0.000491671,Female
22116FL-01-02-25,GF38,BB_CAN_BC_16,This Study,Female,0.15,0.00317394,Female
22116FL-01-02-10,GM_225_Rumples,BB_CAN_BC_17,This Study,Male,71.49,2.75634,Male
22116FL-05-01-47,GM201_Avery,BB_CAN_BC_18,This Study,Male,92.5,7.64317,Male
18032FL-162-01-06,GM202_Julian,BB_CAN_BC_19,This Study,Male,42.4,0.816368,Male
22116FL-01-02-37,GM202_Julian,BB_CAN_BC_19,This Study,Male,66.39,2.19176,Male
22116FL-02-01-10,GM203_Andy,BB_CAN_BC_20,This Study,Male,84.57,4.1342,Male
18032FL-162-01-05,GM204_Amos,BB_CAN_BC_21,This Study,Male,42.49,0.82687,Male
22116FL-01-02-17,GM204_Amos,BB_CAN_BC_21,This Study,Male,63.35,2.01271,Male
22116FL-01-02-35,GM205_NoToes,BB_CAN_BC_22,This Study,Male,84.24,4.47843,Male
22116FL-05-01-48,GM210_Woodstock,BB_CAN_BC_23,This Study,Male,84.71,3.86239,Male
18032FL-162-01-04,GM223_Yves,BB_CAN_BC_24,This Study,Male,44.56,0.89005,Male
22116FL-01-02-33,GM223_Yves,BB_CAN_BC_24,This Study,Male,70.72,2.50126,Male
SRR518712,GRZ,BB_AK_15_pub,Public,Unknown,0.806196,0.0223663,Male
SRR518713,GRZ,BB_AK_15_pub,Public,Female,0.609866,0.0116424,Male
22116FL-01-02-14,Hannah,BB_CAN_BC_25,This Study,Female,0.27,0.00489537,Female
SRR11336685_Whole_genome_of_ursos_arctos,John,BB_WSU_John,Public,Male,99.93,36.1135,Male
SRR17940142_Shotgun_sequencing_of_Ursus_arctos,KAK-1,BB_AK_pub_26_3,Public,Male,89.41,6.44089,Male
SRR518717_652_ABC2_Lucky,Lucky,BB_AK_4_pub15,Public,Male,99.12,19.3514,Male
18032FL-162-01-16,Lupin,BB_CAN_BC_26,This Study,Female,0.02,0.000349808,Female
22116FL-01-02-30,Lupin,BB_CAN_BC_26,This Study,Female,0.09,0.0017802,Female
22116FL-01-02-23,Molly,BB_CAN_BC_27,This Study,Female,0.18,0.00342465,Female
SRR11336684_Whole_genome_of_ursos_arctos,Oakley,BB_WSU_Oakley,Public,Female,0.41,0.0188572,Female
22116FL-09Q2-02-09,PWOR_Kill,BB_CAN_BC_28,This Study,Male,66.39,3.84405,Male
PWOR_Kill_S37,PWOR_Kill,BB_CAN_BC_28,This Study,Male,86.5,11.4758,Male
18032FL-162-01-11,Rastus,BB_CAN_BC_29,This Study,Male,48.89,0.974368,Male
22116FL-01-02-11,Rastus,BB_CAN_BC_29,This Study,Male,75.51,2.61821,Male
22116FL-01-02-36,Spunky,BB_CAN_BC_30,This Study,Female,0.28,0.00607216,Female
TRex_S38,T-Rex,BB_CAN_BC_31,This Study,Male,2.01,0.0440457,Female
18032FL-162-01-07,Thor,BB_CAN_BC_32,This Study,Male,38.88,0.654632,Male
22116FL-01-02-34,Thor,BB_CAN_BC_32,This Study,Male,73.24,2.56297,Male
18032FL-162-01-14,Tyson,BB_CAN_BC_33,This Study,Male,29.48,0.44753,Male
22116FL-01-02-09,Tyson,BB_CAN_BC_33,This Study,Male,77.02,2.76847,Male
SRR17940139_Shotgun_sequencing_of_Ursus_arctos,UAR205,BB_AK_14_pub,Public,Female,0.33,0.00500958,Female
22116FL-04-01-31,unknown1,BB_unknown,This Study,Unknown,90.25,15.4493,Male
SRR22801848_Range-wide_whole-genome_resequencing_of_the_brown_bear,US3,BB_L48_GYE_pub,Public,Female,0.16,0.00423055,Female
SRR22801847_Range-wide_whole-genome_resequencing_of_the_brown_bear,US6,BB_L48_pub_Sel,Public,Male,96.41,8.99271,Male
SRR11336678_Whole_genome_of_ursos_arctos,Willow,BB_WSU_Willow,Public,Female,0.32,0.0107354,Female
SRR11336683_Whole_genome_of_ursos_arctos,Zuri,BB_WSU_Zuri,Public,Female,0.42,0.0188388,Female